subject_id,MFD_true,MFD_SD_true,MFD_false,MFD_SD_false,MSA_true,MSA_SD_true,MSA_false,MSA_SD_false,MFD_overall,MFD_overall_SD,MSA_overall,MSA_overall_SD
s7,0.21636842105263157,0.0762710036832147,0.20792857142857143,0.10386901997478272,6.438918742908188,4.447038690278209,5.944073865828755,4.693312440684295,0.20948543689320387,0.09924523595645332,6.033537346430687,4.641337321619794
s17,0.20710144927536228,0.10542102493273679,0.21156122448979595,0.10224854157471035,6.61678911050459,4.582626593523678,6.136442189026076,4.271143108102683,0.2097185628742515,0.10327882988074898,6.333250997131857,4.392019454808745
s27,0.17681632653061227,0.07600547280061387,0.17867500000000003,0.08412606820575175,6.634697732862231,4.3215303660112365,6.908605226056207,5.211519062396237,0.17806375838926175,0.081421334007852,6.81968749505667,4.933755773428393
s3,0.20181666666666664,0.11619963704641043,0.17546621621621622,0.08391333523632309,6.6915827489483535,5.5402930705110816,6.182955604373082,4.8074840334592785,0.1830673076923077,0.09482694784269345,6.327871718190617,5.0164833192162845
s13,0.27864285714285714,0.27420499910304524,0.236625748502994,0.22901786794817594,4.712484912419994,4.634347412622999,5.599145752843432,5.086030425559805,0.2413191489361702,0.23445919447174687,5.500063309357718,5.039068048097117
s23,0.18012,0.0682723223568673,0.22264062499999998,0.11889816466837466,3.952405324807478,4.087530063651989,4.607498033899867,4.943643823895563,0.21069662921348314,0.10844912972683866,4.415337505899433,4.690988602031156
